,country,year,Live animals,Meat,Dairy and eggs,Fish and shellfish,Cereals,Vegetables and fruit,Sugar,Coffee tea cocoa etc,Animal feeding,Miscellaneous foods
12,Canada,2018,0.0,0.0,0.0,106.84,174.06,91.66999999999999,0.0,0.0,0.0,0.0
13,Canada,2019,0.0,0.0,0.0,82.40999999999998,175.65999999999997,97.62,0.0,0.0,0.0,0.0
14,Canada,2020,0.0,0.0,0.0,68.98,178.17000000000002,91.14999999999999,0.0,0.0,0.0,0.0
15,Canada,2021,0.0,0.0,0.0,96.16,257.83,83.33999999999999,0.0,0.0,0.0,0.0
